Workbook

Sheet Dashboard
A1: AMCE HIS Vendor Evaluation – Executive Dashboard
A3: Vendor | B3: Nursing Services | C3: Oncology Services | D3: Cardiovascular Services | E3: Laboratory Services and Blood Bank | F3: Radiology and Nuclear Medicine | G3: General Medical & Surgical Services, and Pharmacy | H3: ERP/RCM/Finance & Procurement | I3: Overall | K3: Rank | L3: Evaluator Entries
A4: ezCareTech | B4: =IFERROR(SUMIFS(Responses!$L:$L,Responses!$D:$D,$A4,Responses!$E:$E,B$3)/(COUNTIFS(Responses!$D:$D,$A4,Responses!$E:$E,B$3)/7),0) -> 0 | C4: =IFERROR(SUMIFS(Responses!$L:$L,Responses!$D:$D,$A4,Responses!$E:$E,C$3)/(COUNTIFS(Responses!$D:$D,$A4,Responses!$E:$E,C$3)/5),0) -> 0 | D4: =IFERROR(SUMIFS(Responses!$L:$L,Responses!$D:$D,$A4,Responses!$E:$E,D$3)/(COUNTIFS(Responses!$D:$D,$A4,Responses!$E:$E,D$3)/6),0) -> 0 | E4: =IFERROR(SUMIFS(Responses!$L:$L,Responses!$D:$D,$A4,Responses!$E:$E,E$3)/(COUNTIFS(Responses!$D:$D,$A4,Responses!$E:$E,E$3)/9),0) -> 0 | F4: =IFERROR(SUMIFS(Responses!$L:$L,Responses!$D:$D,$A4,Responses!$E:$E,F$3)/(COUNTIFS(Responses!$D:$D,$A4,Responses!$E:$E,F$3)/4),0) -> 0 | G4: =IFERROR(SUMIFS(Responses!$L:$L,Responses!$D:$D,$A4,Responses!$E:$E,G$3)/(COUNTIFS(Responses!$D:$D,$A4,Responses!$E:$E,G$3)/10),0) -> 0 | H4: =IFERROR(SUMIFS(Responses!$L:$L,Responses!$D:$D,$A4,Responses!$E:$E,H$3)/(COUNTIFS(Responses!$D:$D,$A4,Responses!$E:$E,H$3)/9),0) -> 0 | I4: =SUM(B4*15,C4*15,D4*15,E4*15,F4*12,G4*15,H4*13)/100 -> 0 | K4: =RANK(I4,$I$4:$I$8,0) -> 1 | L4: =COUNTIFS(Responses!$D:$D,A4) -> 0
A5: ESI | B5: =IFERROR(SUMIFS(Responses!$L:$L,Responses!$D:$D,$A5,Responses!$E:$E,B$3)/(COUNTIFS(Responses!$D:$D,$A5,Responses!$E:$E,B$3)/7),0) -> 0 | C5: =IFERROR(SUMIFS(Responses!$L:$L,Responses!$D:$D,$A5,Responses!$E:$E,C$3)/(COUNTIFS(Responses!$D:$D,$A5,Responses!$E:$E,C$3)/5),0) -> 0 | D5: =IFERROR(SUMIFS(Responses!$L:$L,Responses!$D:$D,$A5,Responses!$E:$E,D$3)/(COUNTIFS(Responses!$D:$D,$A5,Responses!$E:$E,D$3)/6),0) -> 0 | E5: =IFERROR(SUMIFS(Responses!$L:$L,Responses!$D:$D,$A5,Responses!$E:$E,E$3)/(COUNTIFS(Responses!$D:$D,$A5,Responses!$E:$E,E$3)/9),0) -> 0 | F5: =IFERROR(SUMIFS(Responses!$L:$L,Responses!$D:$D,$A5,Responses!$E:$E,F$3)/(COUNTIFS(Responses!$D:$D,$A5,Responses!$E:$E,F$3)/4),0) -> 0 | G5: =IFERROR(SUMIFS(Responses!$L:$L,Responses!$D:$D,$A5,Responses!$E:$E,G$3)/(COUNTIFS(Responses!$D:$D,$A5,Responses!$E:$E,G$3)/10),0) -> 0 | H5: =IFERROR(SUMIFS(Responses!$L:$L,Responses!$D:$D,$A5,Responses!$E:$E,H$3)/(COUNTIFS(Responses!$D:$D,$A5,Responses!$E:$E,H$3)/9),0) -> 0 | I5: =SUM(B5*15,C5*15,D5*15,E5*15,F5*12,G5*15,H5*13)/100 -> 0 | K5: =RANK(I5,$I$4:$I$8,0) -> 1 | L5: =COUNTIFS(Responses!$D:$D,A5) -> 0
A6: SRIT | B6: =IFERROR(SUMIFS(Responses!$L:$L,Responses!$D:$D,$A6,Responses!$E:$E,B$3)/(COUNTIFS(Responses!$D:$D,$A6,Responses!$E:$E,B$3)/7),0) -> 0 | C6: =IFERROR(SUMIFS(Responses!$L:$L,Responses!$D:$D,$A6,Responses!$E:$E,C$3)/(COUNTIFS(Responses!$D:$D,$A6,Responses!$E:$E,C$3)/5),0) -> 0 | D6: =IFERROR(SUMIFS(Responses!$L:$L,Responses!$D:$D,$A6,Responses!$E:$E,D$3)/(COUNTIFS(Responses!$D:$D,$A6,Responses!$E:$E,D$3)/6),0) -> 0 | E6: =IFERROR(SUMIFS(Responses!$L:$L,Responses!$D:$D,$A6,Responses!$E:$E,E$3)/(COUNTIFS(Responses!$D:$D,$A6,Responses!$E:$E,E$3)/9),0) -> 0 | F6: =IFERROR(SUMIFS(Responses!$L:$L,Responses!$D:$D,$A6,Responses!$E:$E,F$3)/(COUNTIFS(Responses!$D:$D,$A6,Responses!$E:$E,F$3)/4),0) -> 0 | G6: =IFERROR(SUMIFS(Responses!$L:$L,Responses!$D:$D,$A6,Responses!$E:$E,G$3)/(COUNTIFS(Responses!$D:$D,$A6,Responses!$E:$E,G$3)/10),0) -> 0 | H6: =IFERROR(SUMIFS(Responses!$L:$L,Responses!$D:$D,$A6,Responses!$E:$E,H$3)/(COUNTIFS(Responses!$D:$D,$A6,Responses!$E:$E,H$3)/9),0) -> 0 | I6: =SUM(B6*15,C6*15,D6*15,E6*15,F6*12,G6*15,H6*13)/100 -> 0 | K6: =RANK(I6,$I$4:$I$8,0) -> 1 | L6: =COUNTIFS(Responses!$D:$D,A6) -> 0
A7: MEDITECH | B7: =IFERROR(SUMIFS(Responses!$L:$L,Responses!$D:$D,$A7,Responses!$E:$E,B$3)/(COUNTIFS(Responses!$D:$D,$A7,Responses!$E:$E,B$3)/7),0) -> 0 | C7: =IFERROR(SUMIFS(Responses!$L:$L,Responses!$D:$D,$A7,Responses!$E:$E,C$3)/(COUNTIFS(Responses!$D:$D,$A7,Responses!$E:$E,C$3)/5),0) -> 0 | D7: =IFERROR(SUMIFS(Responses!$L:$L,Responses!$D:$D,$A7,Responses!$E:$E,D$3)/(COUNTIFS(Responses!$D:$D,$A7,Responses!$E:$E,D$3)/6),0) -> 0 | E7: =IFERROR(SUMIFS(Responses!$L:$L,Responses!$D:$D,$A7,Responses!$E:$E,E$3)/(COUNTIFS(Responses!$D:$D,$A7,Responses!$E:$E,E$3)/9),0) -> 0 | F7: =IFERROR(SUMIFS(Responses!$L:$L,Responses!$D:$D,$A7,Responses!$E:$E,F$3)/(COUNTIFS(Responses!$D:$D,$A7,Responses!$E:$E,F$3)/4),0) -> 0 | G7: =IFERROR(SUMIFS(Responses!$L:$L,Responses!$D:$D,$A7,Responses!$E:$E,G$3)/(COUNTIFS(Responses!$D:$D,$A7,Responses!$E:$E,G$3)/10),0) -> 0 | H7: =IFERROR(SUMIFS(Responses!$L:$L,Responses!$D:$D,$A7,Responses!$E:$E,H$3)/(COUNTIFS(Responses!$D:$D,$A7,Responses!$E:$E,H$3)/9),0) -> 0 | I7: =SUM(B7*15,C7*15,D7*15,E7*15,F7*12,G7*15,H7*13)/100 -> 0 | K7: =RANK(I7,$I$4:$I$8,0) -> 1 | L7: =COUNTIFS(Responses!$D:$D,A7) -> 0
A8: KRANIUM | B8: =IFERROR(SUMIFS(Responses!$L:$L,Responses!$D:$D,$A8,Responses!$E:$E,B$3)/(COUNTIFS(Responses!$D:$D,$A8,Responses!$E:$E,B$3)/7),0) -> 0 | C8: =IFERROR(SUMIFS(Responses!$L:$L,Responses!$D:$D,$A8,Responses!$E:$E,C$3)/(COUNTIFS(Responses!$D:$D,$A8,Responses!$E:$E,C$3)/5),0) -> 0 | D8: =IFERROR(SUMIFS(Responses!$L:$L,Responses!$D:$D,$A8,Responses!$E:$E,D$3)/(COUNTIFS(Responses!$D:$D,$A8,Responses!$E:$E,D$3)/6),0) -> 0 | E8: =IFERROR(SUMIFS(Responses!$L:$L,Responses!$D:$D,$A8,Responses!$E:$E,E$3)/(COUNTIFS(Responses!$D:$D,$A8,Responses!$E:$E,E$3)/9),0) -> 0 | F8: =IFERROR(SUMIFS(Responses!$L:$L,Responses!$D:$D,$A8,Responses!$E:$E,F$3)/(COUNTIFS(Responses!$D:$D,$A8,Responses!$E:$E,F$3)/4),0) -> 0 | G8: =IFERROR(SUMIFS(Responses!$L:$L,Responses!$D:$D,$A8,Responses!$E:$E,G$3)/(COUNTIFS(Responses!$D:$D,$A8,Responses!$E:$E,G$3)/10),0) -> 0 | H8: =IFERROR(SUMIFS(Responses!$L:$L,Responses!$D:$D,$A8,Responses!$E:$E,H$3)/(COUNTIFS(Responses!$D:$D,$A8,Responses!$E:$E,H$3)/9),0) -> 0 | I8: =SUM(B8*15,C8*15,D8*15,E8*15,F8*12,G8*15,H8*13)/100 -> 0 | K8: =RANK(I8,$I$4:$I$8,0) -> 1 | L8: =COUNTIFS(Responses!$D:$D,A8) -> 0
A11: Interpretation
A12: Overall score is out of 5. Group scores are derived from criterion weighted scores in Responses and then multiplied by the source workbook's group weights.
A15: Governance checks
A16: Wrong-vendor response rows | B16: =COUNTIF(Responses!$N:$N,"NO") -> 0
A17: Valid response rows | B17: =COUNTIF(Responses!$N:$N,"YES") -> 0
A18: Rows with date but no validity result | B18: =COUNTIFS(Responses!$C:$C,"<>",Responses!$N:$N,"") -> 0

Sheet README
A1: AMCE HIS Vendor Evaluation – 7-Group Forms Prototype
A3: Purpose
A4: Seven group-specific digital-form prototypes with evaluator lookup, automatic designation/department, automatic vendor-by-date assignment, weighted scoring, multi-entry support, and an executive dashboard.
A6: Important implementation note
A7: For strict Microsoft Forms enforcement of the vendor-per-day rule, Forms alone cannot dynamically change vendor choices based on today's date. The recommended production implementation is Power Apps + SharePoint/Dataverse + Power Automate. This workbook prototypes that logic and the scoring/dashboard model.
A10: 1. Populate Evaluator Master with approved evaluator names, designations and departments.
A11: 2. Open the relevant Form sheet. Select Evaluator Name and Evaluation Date; Vendor, Designation and Department populate automatically.
A12: 3. Score every criterion from 1–5 and add evidence/notes.
A13: 4. Use a new Submission ID for each evaluator/submission. Responses is the normalized master data model for Power Apps/Power Automate/Power BI.
A14: 5. Dashboard applies the source group weights: Nursing 15%, Oncology 15%, Cardiology 15%, Lab 15%, Radiology 12%, GenMed/Surg/Pharm 15%, ERP/RCM/Finance 13%.

Sheet Evaluator Master
A1: Evaluator Name | B1: Designation | C1: Department | D1: Active
A2: Evaluator 01 | B2: ENTER DESIGNATION | C2: ENTER DEPARTMENT | D2: Yes
A3: Evaluator 02 | B3: ENTER DESIGNATION | C3: ENTER DEPARTMENT | D3: Yes
A4: Evaluator 03 | B4: ENTER DESIGNATION | C4: ENTER DEPARTMENT | D4: Yes
A5: Evaluator 04 | B5: ENTER DESIGNATION | C5: ENTER DEPARTMENT | D5: Yes
A6: Evaluator 05 | B6: ENTER DESIGNATION | C6: ENTER DEPARTMENT | D6: Yes
A7: Evaluator 06 | B7: ENTER DESIGNATION | C7: ENTER DEPARTMENT | D7: Yes
A8: Evaluator 07 | B8: ENTER DESIGNATION | C8: ENTER DEPARTMENT | D8: Yes
A9: Evaluator 08 | B9: ENTER DESIGNATION | C9: ENTER DEPARTMENT | D9: Yes
A10: Evaluator 09 | B10: ENTER DESIGNATION | C10: ENTER DEPARTMENT | D10: Yes
A11: Evaluator 10 | B11: ENTER DESIGNATION | C11: ENTER DEPARTMENT | D11: Yes
A12: Evaluator 11 | B12: ENTER DESIGNATION | C12: ENTER DEPARTMENT | D12: Yes
... A21: Evaluator 20 | B21: ENTER DESIGNATION | C21: ENTER DEPARTMENT | D21: Yes

Sheet Master Calendar
A1: Evaluation Date | B1: Day | C1: Vendor | D1: Status
A2: 46272 | B2: Day 1 | C2: ezCareTech | D2: Open
A3: 46273 | B3: Day 2 | C3: ESI | D3: Open
A4: 46274 | B4: Day 3 | C4: SRIT | D4: Open
A5: 46275 | B5: Day 4 | C5: MEDITECH | D5: Open
A6: 46276 | B6: Day 5 | C6: KRANIUM | D6: Open

Sheet Criteria Master
A1: Group | B1: Criterion | C1: Weight % | D1: Demo Prompt
A2: Nursing Services | B2: Clinical documentation | C2: 15 | D2: Show a nurse completing a full shift assessment and vitals in under 3 taps/clicks, with mandatory fields enforced — not free text.
A3: Nursing Services | B3: Medication administration (drugs and infusion) | C3: 15 | D3: Demonstrate barcode/eMAR closed-loop administration: scan patient, scan drug, and show the system block a wrong-dose or wrong-patient attempt in real time.
A4: Nursing Services | B4: Care plans | C4: 14 | D4: Show a nursing care plan auto-suggested from the patient's diagnosis/risk score, editable by the nurse, and visible to the wider care team.
A5: Nursing Services | B5: Orders | C5: 14 | D5: Show a nurse receiving, acknowledging and actioning a physician order (e.g. new IV) with a visible audit trail of who did what, when.
A6: Nursing Services | B6: Alerts/notifications | C6: 14 | D6: Trigger a critical alert (e.g. abnormal vital sign or allergy conflict) and show exactly how and where it reaches the nurse.
A7: Nursing Services | B7: Patient records | C7: 14 | D7: Pull one patient's full nursing record across two different encounters/wards in under 10 seconds.
A8: Nursing Services | B8: Usability | C8: 14 | D8: Have a nurse who has never seen the system complete one full documentation task live, timed, with zero vendor prompting.
A9: Oncology Services | B9: Patient journey | C9: 20 | D9: Trace one oncology patient from first referral through diagnosis, staging and treatment start in a single continuous view.
A10: Oncology Services | B10: Treatment planning | C10: 20 | D10: Show a multidisciplinary tumour-board treatment plan being created, reviewed and signed off by more than one clinician role.
A11: Oncology Services | B11: Chemotherapy workflows and protocols | C11: 20 | D11: Demonstrate a protocol-driven chemo order with automatic dose calculation (e.g. BSA-based) and a hard stop on an out-of-range dose.
A12: Oncology Services | B12: Medication/order management | C12: 20 | D12: Show the verification chain for a chemotherapy order — pharmacist check, nurse check — before the drug can be administered.
A13: Oncology Services | B13: Documentation and follow-up | C13: 20 | D13: Show how a missed follow-up or overdue treatment cycle is flagged automatically, not manually tracked.
... A51: ERP/RCM/Finance & Procurement | B51: SAP integration | C51: 10 | D51: Confirm and show, live, the specific SAP S/4HANA Public Cloud modules you've integrated with, not on a roadmap or show available/alternative integration capabilities.

Sheet Responses
A1: Submission ID | B1: Timestamp | C1: Evaluation Date | D1: Vendor | E1: Group | F1: Evaluator Name | G1: Designation | H1: Department | I1: Criterion | J1: Weight % | K1: Score (1-5) | L1: Weighted Score | M1: Evidence / Notes | N1: Valid Session?
L2: =IF(OR(J2="",K2=""),"",K2*J2/100) | N2: =IF(OR(C2="",D2=""),"",IFERROR(IF(_xludf.XLOOKUP(C2,'Master Calendar'!$A$2:$A$6,'Master Calendar'!$C$2:$C$6)=D2,"YES","NO"),"NO"))
L3: =IF(OR(J3="",K3=""),"",K3*J3/100) | N3: =IF(OR(C3="",D3=""),"",IFERROR(IF(_xludf.XLOOKUP(C3,'Master Calendar'!$A$2:$A$6,'Master Calendar'!$C$2:$C$6)=D3,"YES","NO"),"NO"))
L4: =IF(OR(J4="",K4=""),"",K4*J4/100) | N4: =IF(OR(C4="",D4=""),"",IFERROR(IF(_xludf.XLOOKUP(C4,'Master Calendar'!$A$2:$A$6,'Master Calendar'!$C$2:$C$6)=D4,"YES","NO"),"NO"))
L5: =IF(OR(J5="",K5=""),"",K5*J5/100) | N5: =IF(OR(C5="",D5=""),"",IFERROR(IF(_xludf.XLOOKUP(C5,'Master Calendar'!$A$2:$A$6,'Master Calendar'!$C$2:$C$6)=D5,"YES","NO"),"NO"))
L6: =IF(OR(J6="",K6=""),"",K6*J6/100) | N6: =IF(OR(C6="",D6=""),"",IFERROR(IF(_xludf.XLOOKUP(C6,'Master Calendar'!$A$2:$A$6,'Master Calendar'!$C$2:$C$6)=D6,"YES","NO"),"NO"))
L7: =IF(OR(J7="",K7=""),"",K7*J7/100) | N7: =IF(OR(C7="",D7=""),"",IFERROR(IF(_xludf.XLOOKUP(C7,'Master Calendar'!$A$2:$A$6,'Master Calendar'!$C$2:$C$6)=D7,"YES","NO"),"NO"))
L8: =IF(OR(J8="",K8=""),"",K8*J8/100) | N8: =IF(OR(C8="",D8=""),"",IFERROR(IF(_xludf.XLOOKUP(C8,'Master Calendar'!$A$2:$A$6,'Master Calendar'!$C$2:$C$6)=D8,"YES","NO"),"NO"))
L9: =IF(OR(J9="",K9=""),"",K9*J9/100) | N9: =IF(OR(C9="",D9=""),"",IFERROR(IF(_xludf.XLOOKUP(C9,'Master Calendar'!$A$2:$A$6,'Master Calendar'!$C$2:$C$6)=D9,"YES","NO"),"NO"))
L10: =IF(OR(J10="",K10=""),"",K10*J10/100) | N10: =IF(OR(C10="",D10=""),"",IFERROR(IF(_xludf.XLOOKUP(C10,'Master Calendar'!$A$2:$A$6,'Master Calendar'!$C$2:$C$6)=D10,"YES","NO"),"NO"))
L11: =IF(OR(J11="",K11=""),"",K11*J11/100) | N11: =IF(OR(C11="",D11=""),"",IFERROR(IF(_xludf.XLOOKUP(C11,'Master Calendar'!$A$2:$A$6,'Master Calendar'!$C$2:$C$6)=D11,"YES","NO"),"NO"))
L12: =IF(OR(J12="",K12=""),"",K12*J12/100) | N12: =IF(OR(C12="",D12=""),"",IFERROR(IF(_xludf.XLOOKUP(C12,'Master Calendar'!$A$2:$A$6,'Master Calendar'!$C$2:$C$6)=D12,"YES","NO"),"NO"))
L13: =IF(OR(J13="",K13=""),"",K13*J13/100) | N13: =IF(OR(C13="",D13=""),"",IFERROR(IF(_xludf.XLOOKUP(C13,'Master Calendar'!$A$2:$A$6,'Master Calendar'!$C$2:$C$6)=D13,"YES","NO"),"NO"))
... L701: =IF(OR(J701="",K701=""),"",K701*J701/100) | N701: =IF(OR(C701="",D701=""),"",IFERROR(IF(_xludf.XLOOKUP(C701,'Master Calendar'!$A$2:$A$6,'Master Calendar'!$C$2:$C$6)=D701,"YES","NO"),"NO"))

Sheet Form 1 Nursing
A1: AMCE HIS Vendor Evaluation Form – Nursing Services
A3: Submission ID | B3: SUB-001
A4: Evaluation Date
A5: Vendor (AUTO) | B5: =IFERROR(_xludf.XLOOKUP(B4,'Master Calendar'!$A$2:$A$6,'Master Calendar'!$C$2:$C$6),"BLOCKED / NO DEMO SCHEDULED") -> BLOCKED / NO DEMO SCHEDULED
A6: Evaluator Name
A7: Designation (AUTO) | B7: =IFERROR(_xludf.XLOOKUP(B6,'Evaluator Master'!$A$2:$A$21,'Evaluator Master'!$B$2:$B$21),"")
A8: Department (AUTO) | B8: =IFERROR(_xludf.XLOOKUP(B6,'Evaluator Master'!$A$2:$A$21,'Evaluator Master'!$C$2:$C$21),"")
A9: User Group | B9: Nursing Services
A10: Group Weight | B10: 15
A11: Submission Status | B11: =IF(OR(B4="",B6="",B5="BLOCKED / NO DEMO SCHEDULED"),"INCOMPLETE / BLOCKED","READY") -> INCOMPLETE / BLOCKED
A14: # | B14: Criterion | C14: Weight % | D14: Score (1-5) | E14: Weighted Score | F14: Evidence / Notes | G14: Demo Prompt
A15: 1 | B15: Clinical documentation | C15: 15 | E15: =IF(OR(C15="",D15=""),"",C15*D15/100) | G15: Show a nurse completing a full shift assessment and vitals in under 3 taps/clicks, with mandatory fields enforced — not free text.
A16: 2 | B16: Medication administration (drugs and infusion) | C16: 15 | E16: =IF(OR(C16="",D16=""),"",C16*D16/100) | G16: Demonstrate barcode/eMAR closed-loop administration: scan patient, scan drug, and show the system block a wrong-dose or wrong-patient attempt in real time.
A17: 3 | B17: Care plans | C17: 14 | E17: =IF(OR(C17="",D17=""),"",C17*D17/100) | G17: Show a nursing care plan auto-suggested from the patient's diagnosis/risk score, editable by the nurse, and visible to the wider care team.
A18: 4 | B18: Orders | C18: 14 | E18: =IF(OR(C18="",D18=""),"",C18*D18/100) | G18: Show a nurse receiving, acknowledging and actioning a physician order (e.g. new IV) with a visible audit trail of who did what, when.
A19: 5 | B19: Alerts/notifications | C19: 14 | E19: =IF(OR(C19="",D19=""),"",C19*D19/100) | G19: Trigger a critical alert (e.g. abnormal vital sign or allergy conflict) and show exactly how and where it reaches the nurse.
A20: 6 | B20: Patient records | C20: 14 | E20: =IF(OR(C20="",D20=""),"",C20*D20/100) | G20: Pull one patient's full nursing record across two different encounters/wards in under 10 seconds.
A21: 7 | B21: Usability | C21: 14 | E21: =IF(OR(C21="",D21=""),"",C21*D21/100) | G21: Have a nurse who has never seen the system complete one full documentation task live, timed, with zero vendor prompting.
B22: TOTAL WEIGHTED GROUP SCORE (out of 5) | C22: =SUM(C15:C21) -> 100 | D22: =IF(COUNT(D15:D21)=7,SUM(E15:E21),"")
A24: Multiple submissions: | B24: Use a new Submission ID for each evaluator/submission. Production should write each criterion response to the normalized Responses table.

Sheet Form 2 Oncology
A1: AMCE HIS Vendor Evaluation Form – Oncology Services
A3: Submission ID | B3: SUB-001
A4: Evaluation Date
A5: Vendor (AUTO) | B5: =IFERROR(_xludf.XLOOKUP(B4,'Master Calendar'!$A$2:$A$6,'Master Calendar'!$C$2:$C$6),"BLOCKED / NO DEMO SCHEDULED") -> BLOCKED / NO DEMO SCHEDULED
A6: Evaluator Name
A7: Designation (AUTO) | B7: =IFERROR(_xludf.XLOOKUP(B6,'Evaluator Master'!$A$2:$A$21,'Evaluator Master'!$B$2:$B$21),"")
A8: Department (AUTO) | B8: =IFERROR(_xludf.XLOOKUP(B6,'Evaluator Master'!$A$2:$A$21,'Evaluator Master'!$C$2:$C$21),"")
A9: User Group | B9: Oncology Services
A10: Group Weight | B10: 15
A11: Submission Status | B11: =IF(OR(B4="",B6="",B5="BLOCKED / NO DEMO SCHEDULED"),"INCOMPLETE / BLOCKED","READY") -> INCOMPLETE / BLOCKED
A14: # | B14: Criterion | C14: Weight % | D14: Score (1-5) | E14: Weighted Score | F14: Evidence / Notes | G14: Demo Prompt
A15: 1 | B15: Patient journey | C15: 20 | E15: =IF(OR(C15="",D15=""),"",C15*D15/100) | G15: Trace one oncology patient from first referral through diagnosis, staging and treatment start in a single continuous view.
A16: 2 | B16: Treatment planning | C16: 20 | E16: =IF(OR(C16="",D16=""),"",C16*D16/100) | G16: Show a multidisciplinary tumour-board treatment plan being created, reviewed and signed off by more than one clinician role.
A17: 3 | B17: Chemotherapy workflows and protocols | C17: 20 | E17: =IF(OR(C17="",D17=""),"",C17*D17/100) | G17: Demonstrate a protocol-driven chemo order with automatic dose calculation (e.g. BSA-based) and a hard stop on an out-of-range dose.
A18: 4 | B18: Medication/order management | C18: 20 | E18: =IF(OR(C18="",D18=""),"",C18*D18/100) | G18: Show the verification chain for a chemotherapy order — pharmacist check, nurse check — before the drug can be administered.
A19: 5 | B19: Documentation and follow-up | C19: 20 | E19: =IF(OR(C19="",D19=""),"",C19*D19/100) | G19: Show how a missed follow-up or overdue treatment cycle is flagged automatically, not manually tracked.
B20: TOTAL WEIGHTED GROUP SCORE (out of 5) | C20: =SUM(C15:C19) -> 100 | D20: =IF(COUNT(D15:D19)=5,SUM(E15:E19),"")
A22: Multiple submissions: | B22: Use a new Submission ID for each evaluator/submission. Production should write each criterion response to the normalized Responses table.

Sheet Form 3 Cardiology
A1: AMCE HIS Vendor Evaluation Form – Cardiovascular Services
A3: Submission ID | B3: SUB-001
A4: Evaluation Date
A5: Vendor (AUTO) | B5: =IFERROR(_xludf.XLOOKUP(B4,'Master Calendar'!$A$2:$A$6,'Master Calendar'!$C$2:$C$6),"BLOCKED / NO DEMO SCHEDULED") -> BLOCKED / NO DEMO SCHEDULED
A6: Evaluator Name
A7: Designation (AUTO) | B7: =IFERROR(_xludf.XLOOKUP(B6,'Evaluator Master'!$A$2:$A$21,'Evaluator Master'!$B$2:$B$21),"")
A8: Department (AUTO) | B8: =IFERROR(_xludf.XLOOKUP(B6,'Evaluator Master'!$A$2:$A$21,'Evaluator Master'!$C$2:$C$21),"")
A9: User Group | B9: Cardiovascular Services
A10: Group Weight | B10: 15
A11: Submission Status | B11: =IF(OR(B4="",B6="",B5="BLOCKED / NO DEMO SCHEDULED"),"INCOMPLETE / BLOCKED","READY") -> INCOMPLETE / BLOCKED
A14: # | B14: Criterion | C14: Weight % | D14: Score (1-5) | E14: Weighted Score | F14: Evidence / Notes | G14: Demo Prompt
A15: 1 | B15: Clinical documentation | C15: 20 | E15: =IF(OR(C15="",D15=""),"",C15*D15/100) | G15: Show a cardiology consult note structured enough to auto-populate a discharge summary.
A16: 2 | B16: Investigations | C16: 20 | E16: =IF(OR(C16="",D16=""),"",C16*D16/100) | G16: Order an ECG/Echo and show the result flow back into the same chart, not a separate silo.
A17: 3 | B17: Orders | C17: 10 | E17: =IF(OR(C17="",D17=""),"",C17*D17/100) | G17: Show a cardiology order set (e.g. pre-cath workup) triggered as one bundle, not entered item by item.
A18: 4 | B18: Procedures/surgeries | C18: 20 | E18: =IF(OR(C18="",D18=""),"",C18*D18/100) | G18: Show a cath-lab procedure note capturing device/stent details in structured, reportable fields.
A19: 5 | B19: Results and follow-up | C19: 10 | E19: =IF(OR(C19="",D19=""),"",C19*D19/100) | G19: Show an abnormal result (e.g. critical troponin) triggering an immediate, trackable alert to the responsible clinician.
A20: 6 | B20: Integration with cardiac monitors | C20: 20 | E20: =IF(OR(C20="",D20=""),"",C20*D20/100) | G20: Demonstrate a live or simulated feed from a cardiac monitor populating vitals directly into the record, with no manual re-entry. Confirm experience and capabilities to integrate.
B21: TOTAL WEIGHTED GROUP SCORE (out of 5) | C21: =SUM(C15:C20) -> 100 | D21: =IF(COUNT(D15:D20)=6,SUM(E15:E20),"")
A23: Multiple submissions: | B23: Use a new Submission ID for each evaluator/submission. Production should write each criterion response to the normalized Responses table.

Sheet Form 4 Lab_Blood
A1: AMCE HIS Vendor Evaluation Form – Laboratory Services and Blood Bank
A3: Submission ID | B3: SUB-001
A4: Evaluation Date
A5: Vendor (AUTO) | B5: =IFERROR(_xludf.XLOOKUP(B4,'Master Calendar'!$A$2:$A$6,'Master Calendar'!$C$2:$C$6),"BLOCKED / NO DEMO SCHEDULED") -> BLOCKED / NO DEMO SCHEDULED
A6: Evaluator Name
A7: Designation (AUTO) | B7: =IFERROR(_xludf.XLOOKUP(B6,'Evaluator Master'!$A$2:$A$21,'Evaluator Master'!$B$2:$B$21),"")
A8: Department (AUTO) | B8: =IFERROR(_xludf.XLOOKUP(B6,'Evaluator Master'!$A$2:$A$21,'Evaluator Master'!$C$2:$C$21),"")
A9: User Group | B9: Laboratory Services and Blood Bank
A10: Group Weight | B10: 15
A11: Submission Status | B11: =IF(OR(B4="",B6="",B5="BLOCKED / NO DEMO SCHEDULED"),"INCOMPLETE / BLOCKED","READY") -> INCOMPLETE / BLOCKED
A14: # | B14: Criterion | C14: Weight % | D14: Score (1-5) | E14: Weighted Score | F14: Evidence / Notes | G14: Demo Prompt
A15: 1 | B15: Test ordering | C15: 10 | E15: =IF(OR(C15="",D15=""),"",C15*D15/100) | G15: Order a panel from the physician side and show it appear on the lab worklist within seconds.
A16: 2 | B16: Specimen collection | C16: 10 | E16: =IF(OR(C16="",D16=""),"",C16*D16/100) | G16: Show barcode-based specimen labelling and collection confirmation tied to the original order — no manual matching.
A17: 3 | B17: Processing | C17: 10 | E17: =IF(OR(C17="",D17=""),"",C17*D17/100) | G17: Show a specimen's status (received/in-process/complete) visible in real time to both lab and requesting clinician.
A18: 4 | B18: Validation | C18: 10 | E18: =IF(OR(C18="",D18=""),"",C18*D18/100) | G18: Show an out-of-range critical result being held for validation before it releases to the chart.
A19: 5 | B19: Reporting | C19: 15 | E19: =IF(OR(C19="",D19=""),"",C19*D19/100) | G19: Generate a final lab report and show it land directly in the patient's chart, formatted, not as a scanned PDF. Also, indicate functionality(ies) for template configuration, creation and modification. Show laboratory activities reporting including TAT, critical values, etc.
A20: 6 | B20: LIS functionality and interoperability | C20: 10 | E20: =IF(OR(C20="",D20=""),"",C20*D20/100) | G20: Show a bidirectional interface test: order goes out, result comes back, with no manual re-keying.
A21: 7 | B21: Integration with lab equipment | C21: 10 | E21: =IF(OR(C21="",D21=""),"",C21*D21/100) | G21: Show at least one analyzer interface live — order-to-instrument and instrument-to-result. Also, present a list of analyzers experienced or integrated.
A22: 8 | B22: B2B | C22: 10 | E22: =IF(OR(C22="",D22=""),"",C22*D22/100) | G22: Show how an external/referral lab's order is processed or result is ingested and reconciled against an AMCE order.
A23: 9 | B23: Blood Bank | C23: 15 | E23: =IF(OR(C23="",D23=""),"",C23*D23/100) | G23: Show the full blood-product chain: type & crossmatch, unit reservation, bedside two-person verification before transfusion.
B24: TOTAL WEIGHTED GROUP SCORE (out of 5) | C24: =SUM(C15:C23) -> 100 | D24: =IF(COUNT(D15:D23)=9,SUM(E15:E23),"")
A26: Multiple submissions: | B26: Use a new Submission ID for each evaluator/submission. Production should write each criterion response to the normalized Responses table.

Sheet Form 5 Radiology
A1: AMCE HIS Vendor Evaluation Form – Radiology and Nuclear Medicine
A3: Submission ID | B3: SUB-001
A4: Evaluation Date
A5: Vendor (AUTO) | B5: =IFERROR(_xludf.XLOOKUP(B4,'Master Calendar'!$A$2:$A$6,'Master Calendar'!$C$2:$C$6),"BLOCKED / NO DEMO SCHEDULED") -> BLOCKED / NO DEMO SCHEDULED
A6: Evaluator Name
A7: Designation (AUTO) | B7: =IFERROR(_xludf.XLOOKUP(B6,'Evaluator Master'!$A$2:$A$21,'Evaluator Master'!$B$2:$B$21),"")
A8: Department (AUTO) | B8: =IFERROR(_xludf.XLOOKUP(B6,'Evaluator Master'!$A$2:$A$21,'Evaluator Master'!$C$2:$C$21),"")
A9: User Group | B9: Radiology and Nuclear Medicine
A10: Group Weight | B10: 12
A11: Submission Status | B11: =IF(OR(B4="",B6="",B5="BLOCKED / NO DEMO SCHEDULED"),"INCOMPLETE / BLOCKED","READY") -> INCOMPLETE / BLOCKED
A14: # | B14: Criterion | C14: Weight % | D14: Score (1-5) | E14: Weighted Score | F14: Evidence / Notes | G14: Demo Prompt
A15: 1 | B15: Investigation ordering | C15: 25 | E15: =IF(OR(C15="",D15=""),"",C15*D15/100) | G15: Order an imaging study with clinical indication captured as structured data, not free text.
A16: 2 | B16: Reporting | C16: 25 | E16: =IF(OR(C16="",D16=""),"",C16*D16/100) | G16: Show a radiologist dictating/finalising a report and it appearing in the ordering clinician's queue immediately.
A17: 3 | B17: Integration with RIS and PACS | C17: 25 | E17: =IF(OR(C17="",D17=""),"",C17*D17/100) | G17: Display integration capabilities and experiences. Show images and the report opening from a single click inside the same patient chart.
A18: 4 | B18: B2B/Referrals | C18: 25 | E18: =IF(OR(C18="",D18=""),"",C18*D18/100) | G18: Show an external referral imaging study/report being received and matched to the correct AMCE patient record.
B19: TOTAL WEIGHTED GROUP SCORE (out of 5) | C19: =SUM(C15:C18) -> 100 | D19: =IF(COUNT(D15:D18)=4,SUM(E15:E18),"")
A21: Multiple submissions: | B21: Use a new Submission ID for each evaluator/submission. Production should write each criterion response to the normalized Responses table.

Sheet Form 6 GenMed_Surg
A1: AMCE HIS Vendor Evaluation Form – General Medical & Surgical Services, and Pharmacy
A3: Submission ID | B3: SUB-001
A4: Evaluation Date
A5: Vendor (AUTO) | B5: =IFERROR(_xludf.XLOOKUP(B4,'Master Calendar'!$A$2:$A$6,'Master Calendar'!$C$2:$C$6),"BLOCKED / NO DEMO SCHEDULED") -> BLOCKED / NO DEMO SCHEDULED
A6: Evaluator Name
A7: Designation (AUTO) | B7: =IFERROR(_xludf.XLOOKUP(B6,'Evaluator Master'!$A$2:$A$21,'Evaluator Master'!$B$2:$B$21),"")
A8: Department (AUTO) | B8: =IFERROR(_xludf.XLOOKUP(B6,'Evaluator Master'!$A$2:$A$21,'Evaluator Master'!$C$2:$C$21),"")
A9: User Group | B9: General Medical & Surgical Services, and Pharmacy
A10: Group Weight | B10: 15
A11: Submission Status | B11: =IF(OR(B4="",B6="",B5="BLOCKED / NO DEMO SCHEDULED"),"INCOMPLETE / BLOCKED","READY") -> INCOMPLETE / BLOCKED
A14: # | B14: Criterion | C14: Weight % | D14: Score (1-5) | E14: Weighted Score | F14: Evidence / Notes | G14: Demo Prompt
A15: 1 | B15: Clinical documentation | C15: 10 | E15: =IF(OR(C15="",D15=""),"",C15*D15/100) | G15: Show a full admission note built from structured templates, not a blank text box.
A16: 2 | B16: Investigations | C16: 10 | E16: =IF(OR(C16="",D16=""),"",C16*D16/100) | G16: Order labs/imaging from the same encounter and show results return to one unified timeline.
A17: 3 | B17: Orders (incl. order sets & packages) | C17: 10 | E17: =IF(OR(C17="",D17=""),"",C17*D17/100) | G17: Trigger a pre-built order set (e.g. sepsis or pre-op bundle and wellness package) as a single action.
A18: 4 | B18: Procedures/surgeries | C18: 10 | E18: =IF(OR(C18="",D18=""),"",C18*D18/100) | G18: Show the surgical safety checklist/time-out captured as a discrete, un-skippable step, not a note.
A19: 5 | B19: Results and follow-up | C19: 10 | E19: =IF(OR(C19="",D19=""),"",C19*D19/100) | G19: Show an abnormal post-op result routed automatically to the responsible surgical team.
A20: 6 | B20: Emergency workflow | C20: 10 | E20: =IF(OR(C20="",D20=""),"",C20*D20/100) | G20: Show a patient triaged and moved from ED registration to first clinical action, timestamped end to end.
A21: 7 | B21: Prescription order, dispensing, reconciliation and reporting (incl. ADR, AMR, ABR, MDR) | C21: 10 | E21: =IF(OR(C21="",D21=""),"",C21*D21/100) | G21: Show a prescription flow from order to pharmacy dispense to bedside administration and reconciliation plus one live example each of ADR and AMR flagging/reporting.
A22: 8 | B22: Patient Applications features and synchronization | C22: 10 | E22: =IF(OR(C22="",D22=""),"",C22*D22/100) | G22: Show a patient viewing their own results/appointments on the patient app, synced live with the clinical record.
A23: 9 | B23: Physician/Nursing Mobile Applications | C23: 10 | E23: =IF(OR(C23="",D23=""),"",C23*D23/100) | G23: Show a physician acting on an alert or order from a mobile device, not just viewing read-only data.
A24: 10 | B24: AI integrations | C24: 10 | E24: =IF(OR(C24="",D24=""),"",C24*D24/100) | G24: Show one live AI-assisted feature (e.g. investigation report/image review, documentation support, risk scoring, or triage) and its human-in-the-loop override.
B25: TOTAL WEIGHTED GROUP SCORE (out of 5) | C25: =SUM(C15:C24) -> 100 | D25: =IF(COUNT(D15:D24)=10,SUM(E15:E24),"")
A27: Multiple submissions: | B27: Use a new Submission ID for each evaluator/submission. Production should write each criterion response to the normalized Responses table.

Sheet Form 7 ERP_Finance
A1: AMCE HIS Vendor Evaluation Form – ERP/RCM/Finance & Procurement
A3: Submission ID | B3: SUB-001
A4: Evaluation Date
A5: Vendor (AUTO) | B5: =IFERROR(_xludf.XLOOKUP(B4,'Master Calendar'!$A$2:$A$6,'Master Calendar'!$C$2:$C$6),"BLOCKED / NO DEMO SCHEDULED") -> BLOCKED / NO DEMO SCHEDULED
A6: Evaluator Name
A7: Designation (AUTO) | B7: =IFERROR(_xludf.XLOOKUP(B6,'Evaluator Master'!$A$2:$A$21,'Evaluator Master'!$B$2:$B$21),"")
A8: Department (AUTO) | B8: =IFERROR(_xludf.XLOOKUP(B6,'Evaluator Master'!$A$2:$A$21,'Evaluator Master'!$C$2:$C$21),"")
A9: User Group | B9: ERP/RCM/Finance & Procurement
A10: Group Weight | B10: 13
A11: Submission Status | B11: =IF(OR(B4="",B6="",B5="BLOCKED / NO DEMO SCHEDULED"),"INCOMPLETE / BLOCKED","READY") -> INCOMPLETE / BLOCKED
A14: # | B14: Criterion | C14: Weight % | D14: Score (1-5) | E14: Weighted Score | F14: Evidence / Notes | G14: Demo Prompt
A15: 1 | B15: Billing | C15: 15 | E15: =IF(OR(C15="",D15=""),"",C15*D15/100) | G15: Generate a patient bill directly from clinical charges captured at point of care — no manual re-entry. Confirm auto-release for setup option (for e.g. emergency, inpatient)
A16: 2 | B16: ERP integration | C16: 10 | E16: =IF(OR(C16="",D16=""),"",C16*D16/100) | G16: Show a clinical order (e.g. a drug dispense) automatically consuming inventory and hitting the general ledger in SAP. Exhibit profit centre distribution capabilities or show available/alternative integration capabilities.
A17: 3 | B17: Revenue cycle/package management | C17: 10 | E17: =IF(OR(C17="",D17=""),"",C17*D17/100) | G17: Show a bundled care package (e.g. a surgical package) priced and billed as one unit, with itemised detail available. How do you manage packages and order sets?
A18: 4 | B18: Procurement workflow | C18: 10 | E18: =IF(OR(C18="",D18=""),"",C18*D18/100) | G18: Show a purchase requisition-to-PO-to-goods-receipt cycle with approval routing enforced, not bypassable or show available/alternative integration capabilities.
A19: 5 | B19: Inventory workflow | C19: 10 | E19: =IF(OR(C19="",D19=""),"",C19*D19/100) | G19: Show real-time stock visibility for a critical item and an automatic reorder trigger at a defined threshold or show available/alternative integration capabilities.
A20: 6 | B20: Finance workflow | C20: 15 | E20: =IF(OR(C20="",D20=""),"",C20*D20/100) | G20: Show a month-end close task (e.g. reconciliation) with a clear audit trail of who approved what or show available/alternative integration capabilities.
A21: 7 | B21: Billing/revenue-cycle integration | C21: 10 | E21: =IF(OR(C21="",D21=""),"",C21*D21/100) | G21: Show insurance/NHIA claim data flowing from the clinical encounter into a claim submission without duplicate entry or show available/alternative integration capabilities.
A22: 8 | B22: Reporting | C22: 10 | E22: =IF(OR(C22="",D22=""),"",C22*D22/100) | G22: Pull one live financial or procurement report on demand, not a static export someone has to build offline or show available/alternative integration capabilities.
A23: 9 | B23: SAP integration | C23: 10 | E23: =IF(OR(C23="",D23=""),"",C23*D23/100) | G23: Confirm and show, live, the specific SAP S/4HANA Public Cloud modules you've integrated with, not on a roadmap or show available/alternative integration capabilities.
B24: TOTAL WEIGHTED GROUP SCORE (out of 5) | C24: =SUM(C15:C23) -> 100 | D24: =IF(COUNT(D15:D23)=9,SUM(E15:E23),"")
A26: Multiple submissions: | B26: Use a new Submission ID for each evaluator/submission. Production should write each criterion response to the normalized Responses table.

Sheet Forms Spec
A1: Form | B1: Field / Question | C1: Type | D1: Required | E1: Source / Logic | F1: Implementation Note
A2: Form 1 – Nursing Services | B2: Evaluator Name | C2: Choice/Dropdown | D2: Yes | E2: Evaluator Master | F2: Lookup designation + department
A3: Form 1 – Nursing Services | B3: Evaluation Date | C3: Choice/Date | D3: Yes | E3: Master Calendar | F3: Production: show only today's scheduled date
A4: Form 1 – Nursing Services | B4: Vendor | C4: Read-only / hidden | D4: Yes | E4: Evaluation Date → Vendor | F4: Never allow manual vendor selection in production
A5: Form 1 – Nursing Services | B5: Designation | C5: Read-only | D5: Yes | E5: Evaluator Name → Designation | F5: Auto-populated
A6: Form 1 – Nursing Services | B6: Department | C6: Read-only | D6: Yes | E6: Evaluator Name → Department | F6: Auto-populated
A7: Form 1 – Nursing Services | B7: Clinical documentation – Score | C7: Choice 1–5 | D7: Yes | E7: Fixed scoring scale | F7: Weight 15.0%
A8: Form 1 – Nursing Services | B8: Clinical documentation – Evidence / Notes | C8: Long text | D8: Recommended | E8: Evaluator entry | F8: Use for audit evidence
A9: Form 1 – Nursing Services | B9: Medication administration (drugs and infusion) – Score | C9: Choice 1–5 | D9: Yes | E9: Fixed scoring scale | F9: Weight 15.0%
A10: Form 1 – Nursing Services | B10: Medication administration (drugs and infusion) – Evidence / Notes | C10: Long text | D10: Recommended | E10: Evaluator entry | F10: Use for audit evidence
A11: Form 1 – Nursing Services | B11: Care plans – Score | C11: Choice 1–5 | D11: Yes | E11: Fixed scoring scale | F11: Weight 14.0%
A12: Form 1 – Nursing Services | B12: Care plans – Evidence / Notes | C12: Long text | D12: Recommended | E12: Evaluator entry | F12: Use for audit evidence
... A136: Form 7 – ERP/RCM/Finance & Procurement | B136: SAP integration – Evidence / Notes | C136: Long text | D136: Recommended | E136: Evaluator entry | F136: Use for audit evidence

Sheet Automation Logic
A1: Control | B1: Recommended implementation | C1: Outcome
A2: Evaluator lookup | B2: Power Apps/SharePoint lookup by user/email or approved name list | C2: Designation + Department auto-populate
A3: Vendor-by-day | B3: Filter schedule to Today(); expose vendor as read-only | C3: Wrong vendor cannot be selected
A4: Date restriction | B4: Reject if Today() has no scheduled demo | C4: No unscheduled scoring
A5: Score validation | B5: Required 1–5 choices for every criterion | C5: No invalid/missing scores
A6: Weighted scoring | B6: Score × Weight / 100 | C6: Criterion weights always respected
A7: Group score | B7: Average weighted group score across valid submissions | C7: Group score remains out of 5
A8: Overall score | B8: SUM(Group Score × Group Weight) / 100 | C8: Comparable vendor ranking
A9: Duplicate protection | B9: Unique key: Date + Vendor + Group + Evaluator + Submission ID | C9: Controls accidental duplicate submissions
A10: Audit | B10: Created by, created time, modified time | C10: Traceability
A11: Dashboard | B11: Power BI/Excel over normalized Responses | C11: Live ranking + heatmap + drill-down
