Workbook

Sheet Instructions
A1: HIS Vendor Evaluation - Scoring Sheet: Instructions
A2: For use alongside the Proposed Demonstration Calendar, 7-11 September 2026
A5: How this workbook is organised
A6: - Summary Scorecard: auto-calculated overview of every vendor's weighted score, by cohort and overall, with a ranking.
A7: - One tab per user-group cohort (Nursing, Oncology, Cardiology, Laboratory & Blood Bank, Radiology & Nuclear Medicine, General Medical/Surgical & Pharmacy, ERP/RCM/Finance & Procurement) containing the specific evaluation criteria drawn from that session's demonstration focus.
A8: - Master Calendar: read-only copy of the proposed demo schedule for reference.
A10: How to score
A11: 1. Each cohort's evaluators complete that cohort's tab only, once per vendor, during or immediately after the 15-minute internal evaluation period that follows each demo.
A12: 2. Score every criterion 1-5 using the scale below. Yellow cells are the only cells you should edit.
A13: 3. Use the Notes/Evidence column to record what was shown, gaps, or follow-up questions - this supports the score if challenged later.
A14: 4. Criteria are weighted equally by default (Weight % column). Adjust weights if the group agrees some criteria matter more; weights on a tab must still sum to 100%.
A15: 5. The TOTAL WEIGHTED SCORE row and the Summary Scorecard update automatically - do not type over formula cells (white/grey, non-yellow).
... A26: Consistent, comparable assessment of functionality, usability, workflow fit and integration across all five shortlisted vendors, using the same core workflows and questions for each.

Sheet Summary Scorecard
A1: HIS Vendor Evaluation - Summary Scorecard
A2: African Medical Centre of Excellence (AMCE) - Comparative Vendor Demonstration Programme
A4: Weighted score (out of 5) per cohort, pulled automatically from each cohort tab. Adjust Cohort Weight (%) below if some user groups should count more toward the overall score; weights are equal by default.
A6: Cohort / User Group | B6: Group Weight (%) | C6: ezCareTech | D6: ESI | E6: SRIT | F6: MEDITECH | G6: KRANIUM
A7: Nursing Services | B7: 15 | C7: ='1 Nursing'!C15 -> 0 | D7: ='1 Nursing'!E15 -> 0 | E7: ='1 Nursing'!G15 -> 0 | F7: ='1 Nursing'!I15 -> 0 | G7: ='1 Nursing'!K15 -> 0
A8: Oncology Services | B8: 15 | C8: ='2 Oncology'!C13 -> 0 | D8: ='2 Oncology'!E13 -> 0 | E8: ='2 Oncology'!G13 -> 0 | F8: ='2 Oncology'!I13 -> 0 | G8: ='2 Oncology'!K13 -> 0
A9: Cardiovascular Services | B9: 15 | C9: ='3 Cardiology'!C14 -> 0 | D9: ='3 Cardiology'!E14 -> 0 | E9: ='3 Cardiology'!G14 -> 0 | F9: ='3 Cardiology'!I14 -> 0 | G9: ='3 Cardiology'!K14 -> 0
A10: Laboratory Services and Blood Bank | B10: 15 | C10: ='4 Lab & Blood Bank'!C17 -> 0 | D10: ='4 Lab & Blood Bank'!E17 -> 0 | E10: ='4 Lab & Blood Bank'!G17 -> 0 | F10: ='4 Lab & Blood Bank'!I17 -> 0 | G10: ='4 Lab & Blood Bank'!K17 -> 0
A11: Radiology and Nuclear Medicine | B11: 12 | C11: ='5 Radiology'!C12 -> 0 | D11: ='5 Radiology'!E12 -> 0 | E11: ='5 Radiology'!G12 -> 0 | F11: ='5 Radiology'!I12 -> 0 | G11: ='5 Radiology'!K12 -> 0
A12: General Medical & Surgical Services, and Pharmacy | B12: 15 | C12: ='6 GenMed Surg Pharm'!C18 -> 0 | D12: ='6 GenMed Surg Pharm'!E18 -> 0 | E12: ='6 GenMed Surg Pharm'!G18 -> 0 | F12: ='6 GenMed Surg Pharm'!I18 -> 0 | G12: ='6 GenMed Surg Pharm'!K18 -> 0
A13: ERP/RCM/Finance & Procurement | B13: 13 | C13: ='7 ERP Finance'!C17 -> 0 | D13: ='7 ERP Finance'!E17 -> 0 | E13: ='7 ERP Finance'!G17 -> 0 | F13: ='7 ERP Finance'!I17 -> 0 | G13: ='7 ERP Finance'!K17 -> 0
A14: Weight check (should equal 100%) | B14: =SUM(B7:B13) -> 100
A16: OVERALL WEIGHTED SCORE (out of 5) | C16: =SUMPRODUCT(C7:C13,$B$7:$B$13)/100 -> 0 | D16: =SUMPRODUCT(D7:D13,$B$7:$B$13)/100 -> 0 | E16: =SUMPRODUCT(E7:E13,$B$7:$B$13)/100 -> 0 | F16: =SUMPRODUCT(F7:F13,$B$7:$B$13)/100 -> 0 | G16: =SUMPRODUCT(G7:G13,$B$7:$B$13)/100 -> 0
A17: RANK | C17: =RANK(C16,$C16:$G16) -> 1 | D17: =RANK(D16,$C16:$G16) -> 1 | E17: =RANK(E16,$C16:$G16) -> 1 | F17: =RANK(F16,$C16:$G16) -> 1 | G17: =RANK(G16,$C16:$G16) -> 1

Sheet 1 Nursing
A1: Group Scoring: Nursing Services
A2: HIS Vendor Evaluation - Comparative Demonstration Programme, AMCE (7-11 September 2026)
A4: Session Time Slot: | B4: 9:00 - 9:45 AM (WAT) | E4: Target Audience: | F4: Nursing leadership and representatives from relevant clinical areas
A6: Evaluation Criterion | B6: Weight (%) | C6: ezCareTech Score (1-5) | D6: ezCareTech Notes / Evidence | E6: ESI Score (1-5) | F6: ESI Notes / Evidence | G6: SRIT Score (1-5) | H6: SRIT Notes / Evidence | I6: MEDITECH Score (1-5) | J6: MEDITECH Notes / Evidence | K6: KRANIUM Score (1-5) | L6: KRANIUM Notes / Evidence
A7: Clinical documentation | B7: 15
A8: Medication administration (drugs and infusion) | B8: 15
A9: Care plans | B9: 14
A10: Orders | B10: 14
A11: Alerts/notifications | B11: 14
A12: Patient records | B12: 14
A13: Usability | B13: 14
A14: Weight check (should equal 100%) | B14: =SUM(B7:B13) -> 100
A15: TOTAL WEIGHTED SCORE (out of 5) | C15: =SUMPRODUCT(C7:C13,$B$7:$B$13)/100 -> 0 | E15: =SUMPRODUCT(E7:E13,$B$7:$B$13)/100 -> 0 | G15: =SUMPRODUCT(G7:G13,$B$7:$B$13)/100 -> 0 | I15: =SUMPRODUCT(I7:I13,$B$7:$B$13)/100 -> 0 | K15: =SUMPRODUCT(K7:K13,$B$7:$B$13)/100 -> 0

Sheet 2 Oncology
A1: Cohort Scoring: Oncology
A2: HIS Vendor Evaluation - Comparative Demonstration Programme, AMCE (7-11 September 2026)
A4: Session Time Slot: | B4: 10:00 - 10:45 AM (WAT) | E4: Target Audience: | F4: Oncologists, oncology nurses and relevant oncology clinical staff
A6: Evaluation Criterion | B6: Weight (%) | C6: ezCareTech Score (1-5) | D6: ezCareTech Notes / Evidence | E6: ESI Score (1-5) | F6: ESI Notes / Evidence | G6: SRIT Score (1-5) | H6: SRIT Notes / Evidence | I6: MEDITECH Score (1-5) | J6: MEDITECH Notes / Evidence | K6: KRANIUM Score (1-5) | L6: KRANIUM Notes / Evidence
A7: Patient journey | B7: 20
A8: Treatment planning | B8: 20
A9: Chemotherapy workflows and protocols | B9: 20
A10: Medication/order management | B10: 20
A11: Documentation and follow-up | B11: 20
A12: Weight check (should equal 100%) | B12: =SUM(B7:B11) -> 100
A13: TOTAL WEIGHTED SCORE (out of 5) | C13: =SUMPRODUCT(C7:C11,$B$7:$B$11)/100 -> 0 | E13: =SUMPRODUCT(E7:E11,$B$7:$B$11)/100 -> 0 | G13: =SUMPRODUCT(G7:G11,$B$7:$B$11)/100 -> 0 | I13: =SUMPRODUCT(I7:I11,$B$7:$B$11)/100 -> 0 | K13: =SUMPRODUCT(K7:K11,$B$7:$B$11)/100 -> 0

Sheet 3 Cardiology
A1: Cohort Scoring: Cardiovascular Services
A2: HIS Vendor Evaluation - Comparative Demonstration Programme, AMCE (7-11 September 2026)
A4: Session Time Slot: | B4: 11:00 - 11:45 AM (WAT) | E4: Target Audience: | F4: Cardiologists, cardiac nurses and relevant cardiac clinical staff
A6: Evaluation Criterion | B6: Weight (%) | C6: ezCareTech Score (1-5) | D6: ezCareTech Notes / Evidence | E6: ESI Score (1-5) | F6: ESI Notes / Evidence | G6: SRIT Score (1-5) | H6: SRIT Notes / Evidence | I6: MEDITECH Score (1-5) | J6: MEDITECH Notes / Evidence | K6: KRANIUM Score (1-5) | L6: KRANIUM Notes / Evidence
A7: Clinical documentation | B7: 20
A8: Investigations | B8: 20
A9: Orders | B9: 10
A10: Procedures/surgeries | B10: 20
A11: Results and follow-up | B11: 10
A12: Integration with cardiac monitors | B12: 20
A13: Weight check (should equal 100%) | B13: =SUM(B7:B12) -> 100
A14: TOTAL WEIGHTED SCORE (out of 5) | C14: =SUMPRODUCT(C7:C12,$B$7:$B$12)/100 -> 0 | E14: =SUMPRODUCT(E7:E12,$B$7:$B$12)/100 -> 0 | G14: =SUMPRODUCT(G7:G12,$B$7:$B$12)/100 -> 0 | I14: =SUMPRODUCT(I7:I12,$B$7:$B$12)/100 -> 0 | K14: =SUMPRODUCT(K7:K12,$B$7:$B$12)/100 -> 0

Sheet 4 Lab & Blood Bank
A1: Cohort Scoring: Laboratory Services and Blood Bank
A2: HIS Vendor Evaluation - Comparative Demonstration Programme, AMCE (7-11 September 2026)
A4: Session Time Slot: | B4: 12:00 - 12:45 PM (WAT) | E4: Target Audience: | F4: Pathologists, laboratory scientists, laboratory management and relevant staff
A6: Evaluation Criterion | B6: Weight (%) | C6: ezCareTech Score (1-5) | D6: ezCareTech Notes / Evidence | E6: ESI Score (1-5) | F6: ESI Notes / Evidence | G6: SRIT Score (1-5) | H6: SRIT Notes / Evidence | I6: MEDITECH Score (1-5) | J6: MEDITECH Notes / Evidence | K6: KRANIUM Score (1-5) | L6: KRANIUM Notes / Evidence
A7: Test ordering | B7: 10
A8: Specimen collection | B8: 10
A9: Processing | B9: 10
A10: Validation | B10: 10
A11: Reporting | B11: 15
A12: LIS functionality and interoperability | B12: 10
A13: Integration with lab equipment | B13: 10
A14: B2B | B14: 10
A15: Blood Bank | B15: 15
A16: Weight check (should equal 100%) | B16: =SUM(B7:B15) -> 100
A17: TOTAL WEIGHTED SCORE (out of 5) | C17: =SUMPRODUCT(C7:C15,$B$7:$B$15)/100 -> 0 | E17: =SUMPRODUCT(E7:E15,$B$7:$B$15)/100 -> 0 | G17: =SUMPRODUCT(G7:G15,$B$7:$B$15)/100 -> 0 | I17: =SUMPRODUCT(I7:I15,$B$7:$B$15)/100 -> 0 | K17: =SUMPRODUCT(K7:K15,$B$7:$B$15)/100 -> 0

Sheet 5 Radiology
A1: Cohort Scoring: Radiology and Nuclear Medicine
A2: HIS Vendor Evaluation - Comparative Demonstration Programme, AMCE (7-11 September 2026)
A4: Session Time Slot: | B4: 2:00 - 2:45 PM (WAT) | E4: Target Audience: | F4: Radiologist, Nuclear Medicine Consultants, Radiographers and Technicians
A6: Evaluation Criterion | B6: Weight (%) | C6: ezCareTech Score (1-5) | D6: ezCareTech Notes / Evidence | E6: ESI Score (1-5) | F6: ESI Notes / Evidence | G6: SRIT Score (1-5) | H6: SRIT Notes / Evidence | I6: MEDITECH Score (1-5) | J6: MEDITECH Notes / Evidence | K6: KRANIUM Score (1-5) | L6: KRANIUM Notes / Evidence
A7: Investigation ordering | B7: 25
A8: Reporting | B8: 25
A9: Integration with RIS and PACS | B9: 25
A10: B2B/Referrals | B10: 25
A11: Weight check (should equal 100%) | B11: =SUM(B7:B10) -> 100
A12: TOTAL WEIGHTED SCORE (out of 5) | C12: =SUMPRODUCT(C7:C10,$B$7:$B$10)/100 -> 0 | E12: =SUMPRODUCT(E7:E10,$B$7:$B$10)/100 -> 0 | G12: =SUMPRODUCT(G7:G10,$B$7:$B$10)/100 -> 0 | I12: =SUMPRODUCT(I7:I10,$B$7:$B$10)/100 -> 0 | K12: =SUMPRODUCT(K7:K10,$B$7:$B$10)/100 -> 0

Sheet 6 GenMed Surg Pharm
A1: Cohort Scoring: General Medical & Surgical Services, and Pharmacy
A2: HIS Vendor Evaluation - Comparative Demonstration Programme, AMCE (7-11 September 2026)
A4: Session Time Slot: | B4: 3:00 - 3:45 PM (WAT) | E4: Target Audience: | F4: Clinicians, Surgeons, Pharmacists, and Technicians
A6: Evaluation Criterion | B6: Weight (%) | C6: ezCareTech Score (1-5) | D6: ezCareTech Notes / Evidence | E6: ESI Score (1-5) | F6: ESI Notes / Evidence | G6: SRIT Score (1-5) | H6: SRIT Notes / Evidence | I6: MEDITECH Score (1-5) | J6: MEDITECH Notes / Evidence | K6: KRANIUM Score (1-5) | L6: KRANIUM Notes / Evidence
A7: Clinical documentation | B7: 10
A8: Investigations | B8: 10
A9: Orders (incl. order sets & packages) | B9: 10
A10: Procedures/surgeries | B10: 10
A11: Results and follow-up | B11: 10
A12: Emergency workflow | B12: 10
A13: Prescription order, dispensing, reconciliation and reporting (incl. ADR, AMR, ABR, MDR) | B13: 10
A14: Patient Applications features and synchronization | B14: 10
A15: Physician/Nursing Mobile Applications | B15: 10
A16: AI integrations | B16: 10
A17: Weight check (should equal 100%) | B17: =SUM(B7:B16) -> 100
A18: TOTAL WEIGHTED SCORE (out of 5) | C18: =SUMPRODUCT(C7:C16,$B$7:$B$16)/100 -> 0 | E18: =SUMPRODUCT(E7:E16,$B$7:$B$16)/100 -> 0 | G18: =SUMPRODUCT(G7:G16,$B$7:$B$16)/100 -> 0 | I18: =SUMPRODUCT(I7:I16,$B$7:$B$16)/100 -> 0 | K18: =SUMPRODUCT(K7:K16,$B$7:$B$16)/100 -> 0

Sheet 7 ERP Finance
A1: Cohort Scoring: ERP/RCM/Finance & Procurement
A2: HIS Vendor Evaluation - Comparative Demonstration Programme, AMCE (7-11 September 2026)
A4: Session Time Slot: | B4: 4:00 - 4:45 PM (WAT) | E4: Target Audience: | F4: Finance, Procurement, Supply Chain, Administration and relevant IT representatives
A6: Evaluation Criterion | B6: Weight (%) | C6: ezCareTech Score (1-5) | D6: ezCareTech Notes / Evidence | E6: ESI Score (1-5) | F6: ESI Notes / Evidence | G6: SRIT Score (1-5) | H6: SRIT Notes / Evidence | I6: MEDITECH Score (1-5) | J6: MEDITECH Notes / Evidence | K6: KRANIUM Score (1-5) | L6: KRANIUM Notes / Evidence
A7: Billing | B7: 15
A8: ERP integration | B8: 10
A9: Revenue cycle/package management | B9: 10
A10: Procurement workflow | B10: 10
A11: Inventory workflow | B11: 10
A12: Finance workflow | B12: 15
A13: Billing/revenue-cycle integration | B13: 10
A14: Reporting | B14: 10
A15: SAP integration | B15: 10
A16: Weight check (should equal 100%) | B16: =SUM(B7:B15) -> 100
A17: TOTAL WEIGHTED SCORE (out of 5) | C17: =SUMPRODUCT(C7:C15,$B$7:$B$15)/100 -> 0 | E17: =SUMPRODUCT(E7:E15,$B$7:$B$15)/100 -> 0 | G17: =SUMPRODUCT(G7:G15,$B$7:$B$15)/100 -> 0 | I17: =SUMPRODUCT(I7:I15,$B$7:$B$15)/100 -> 0 | K17: =SUMPRODUCT(K7:K15,$B$7:$B$15)/100 -> 0

Sheet Master Calendar
A1: Master Demonstration Calendar (Reference)
A2: Format: Microsoft Teams/Virtual | Lunch 1:00-2:00 PM WAT | 15-min internal evaluation after each session
A4: Day / Vendor | B4: Cohort | C4: Time Slot (WAT) | D4: Target Audience | E4: Demonstration Focus
A5: DAY 1 (Monday 7th September 2026) - ezCareTech | B5: Nursing Services | C5: 9:00 - 9:45 AM (WAT) | D5: Nursing leadership and representatives from relevant clinical areas | E5: Clinical documentation; Medication administration (drugs and infusion); Care plans; Orders; Alerts/notifications; Patient records; Usability
A6: DAY 1 (Monday 7th September 2026) - ezCareTech | B6: Oncology | C6: 10:00 - 10:45 AM (WAT) | D6: Oncologists, oncology nurses and relevant oncology clinical staff | E6: Patient journey; Treatment planning; Chemotherapy workflows and protocols; Medication/order management; Documentation and follow-up
A7: DAY 1 (Monday 7th September 2026) - ezCareTech | B7: Cardiovascular Services | C7: 11:00 - 11:45 AM (WAT) | D7: Cardiologists, cardiac nurses and relevant cardiac clinical staff | E7: Clinical documentation; Investigations; Orders; Procedures/surgeries; Results and follow-up; Integration with cardiac monitors
A8: DAY 1 (Monday 7th September 2026) - ezCareTech | B8: Laboratory Services and Blood Bank | C8: 12:00 - 12:45 PM (WAT) | D8: Pathologists, laboratory scientists, laboratory management and relevant staff | E8: Test ordering; Specimen collection; Processing; Validation; Reporting; LIS functionality and interoperability; Integration with lab equipment; B2B; Blood Bank
A9: DAY 1 (Monday 7th September 2026) - ezCareTech | B9: Radiology and Nuclear Medicine | C9: 2:00 - 2:45 PM (WAT) | D9: Radiologist, Nuclear Medicine Consultants, Radiographers and Technicians | E9: Investigation ordering; Reporting; Integration with RIS and PACS; B2B/Referrals
A10: DAY 1 (Monday 7th September 2026) - ezCareTech | B10: General Medical & Surgical Services, and Pharmacy | C10: 3:00 - 3:45 PM (WAT) | D10: Clinicians, Surgeons, Pharmacists, and Technicians | E10: Clinical documentation; Investigations; Orders (incl. order sets & packages); Procedures/surgeries; Results and follow-up; Emergency workflow; Prescription order, dispensing, reconciliation and reporting (incl. ADR, AMR, ABR, MDR); Patient Applications features and synchronization; Physician/Nursing Mobile Applications; AI integrations
A11: DAY 1 (Monday 7th September 2026) - ezCareTech | B11: ERP/RCM/Finance & Procurement | C11: 4:00 - 4:45 PM (WAT) | D11: Finance, Procurement, Supply Chain, Administration and relevant IT representatives | E11: Billing; ERP integration; Revenue cycle/package management; Procurement workflow; Inventory workflow; Finance workflow; Billing/revenue-cycle integration; Reporting; SAP integration
A13: DAY 2 (Tuesday 8th September 2026) - ESI | B13: Nursing Services | C13: 9:00 - 9:45 AM (WAT) | D13: Nursing leadership and representatives from relevant clinical areas | E13: Clinical documentation; Medication administration (drugs and infusion); Care plans; Orders; Alerts/notifications; Patient records; Usability
A14: DAY 2 (Tuesday 8th September 2026) - ESI | B14: Oncology | C14: 10:00 - 10:45 AM (WAT) | D14: Oncologists, oncology nurses and relevant oncology clinical staff | E14: Patient journey; Treatment planning; Chemotherapy workflows and protocols; Medication/order management; Documentation and follow-up
A15: DAY 2 (Tuesday 8th September 2026) - ESI | B15: Cardiovascular Services | C15: 11:00 - 11:45 AM (WAT) | D15: Cardiologists, cardiac nurses and relevant cardiac clinical staff | E15: Clinical documentation; Investigations; Orders; Procedures/surgeries; Results and follow-up; Integration with cardiac monitors
A16: DAY 2 (Tuesday 8th September 2026) - ESI | B16: Laboratory Services and Blood Bank | C16: 12:00 - 12:45 PM (WAT) | D16: Pathologists, laboratory scientists, laboratory management and relevant staff | E16: Test ordering; Specimen collection; Processing; Validation; Reporting; LIS functionality and interoperability; Integration with lab equipment; B2B; Blood Bank
... A43: DAY 5 (Friday 11th September 2026) - KRANIUM | B43: ERP/RCM/Finance & Procurement | C43: 4:00 - 4:45 PM (WAT) | D43: Finance, Procurement, Supply Chain, Administration and relevant IT representatives | E43: Billing; ERP integration; Revenue cycle/package management; Procurement workflow; Inventory workflow; Finance workflow; Billing/revenue-cycle integration; Reporting; SAP integration
